{
  "version": "v1",
  "feature_columns": [
    "grid_position",
    "best_qualifying_time_seconds",
    "consistency_score",
    "avg_lap_time",
    "prev3_avg_finish",
    "cumulative_points",
    "num_pit_stops",
    "avg_pit_duration",
    "weather_code",
    "rainfall",
    "air_temp_avg",
    "track_temp_avg",
    "humidity_avg",
    "grid_delta",
    "laps_completed"
  ],
  "metrics": {
    "mae_positions": 2.1,
    "training_samples": 2000,
    "seasons": [
      "demo"
    ]
  },
  "feature_importances": {
    "grid_position": 0.5397025346755981,
    "best_qualifying_time_seconds": 0.024352042004466057,
    "consistency_score": 0.019199874252080917,
    "avg_lap_time": 0.018139081075787544,
    "prev3_avg_finish": 0.12975725531578064,
    "cumulative_points": 0.040234532207250595,
    "num_pit_stops": 0.0158859733492136,
    "avg_pit_duration": 0.01827337220311165,
    "weather_code": 0.051554448902606964,
    "rainfall": 0.04840202257037163,
    "air_temp_avg": 0.01828431710600853,
    "track_temp_avg": 0.018371647223830223,
    "humidity_avg": 0.018974710255861282,
    "grid_delta": 0.02002917416393757,
    "laps_completed": 0.018838968127965927
  }
}